{
    "List": [
        {
            "activeHandleId": 1,
            "m_handles": [
                {
                    "m_position": {
                        "x": 8.335271835327149,
                        "y": 11.229658126831055,
                        "z": 3.1094164848327638
                    },
                    "m_localPosition": {
                        "x": -1.2217347621917725,
                        "y": -4.813119888305664,
                        "z": 0.0
                    }
                },
                {
                    "m_position": {
                        "x": 9.371088027954102,
                        "y": 19.672956466674806,
                        "z": 3.1094164848327638
                    },
                    "m_localPosition": {
                        "x": -0.18591833114624024,
                        "y": 3.630178451538086,
                        "z": 0.0
                    }
                }
            ],
            "m_position": {
                "x": 9.5570068359375,
                "y": 16.04277801513672,
                "z": 3.1094164848327638
            },
            "m_localPosition": {
                "x": -5.842992782592773,
                "y": 5.752778053283691,
                "z": 3.1094164848327638
            },
            "m_rotation": {
                "x": 0.0,
                "y": 0.0,
                "z": 0.0,
                "w": 1.0
            },
            "m_localRotation": {
                "x": 0.0,
                "y": 0.0,
                "z": 0.0,
                "w": 1.0
            },
            "m_isAutoSmooth": false
        },
        {
            "activeHandleId": 1,
            "m_handles": [
                {
                    "m_position": {
                        "x": -5.742420196533203,
                        "y": 12.696063995361329,
                        "z": 1.7346501350402833
                    },
                    "m_localPosition": {
                        "x": -7.199337005615234,
                        "y": 0.0,
                        "z": 0.0
                    }
                },
                {
                    "m_position": {
                        "x": 3.560581684112549,
                        "y": 12.696063995361329,
                        "z": 1.7346501350402833
                    },
                    "m_localPosition": {
                        "x": 2.1036648750305177,
                        "y": 0.0,
                        "z": 0.0
                    }
                }
            ],
            "m_position": {
                "x": 1.4569168090820313,
                "y": 12.696063995361329,
                "z": 1.7346501350402833
            },
            "m_localPosition": {
                "x": -13.943082809448243,
                "y": 2.406064510345459,
                "z": 1.7346501350402833
            },
            "m_rotation": {
                "x": 0.0,
                "y": 0.0,
                "z": 0.0,
                "w": 1.0
            },
            "m_localRotation": {
                "x": 0.0,
                "y": 0.0,
                "z": 0.0,
                "w": 1.0
            },
            "m_isAutoSmooth": false
        },
        {
            "activeHandleId": 1,
            "m_handles": [
                {
                    "m_position": {
                        "x": -2.8270702362060549,
                        "y": 26.653549194335939,
                        "z": 4.690579891204834
                    },
                    "m_localPosition": {
                        "x": 1.8257465362548829,
                        "y": 5.1222991943359379,
                        "z": 0.0
                    }
                },
                {
                    "m_position": {
                        "x": -6.47856330871582,
                        "y": 16.408950805664064,
                        "z": 4.690579891204834
                    },
                    "m_localPosition": {
                        "x": -1.8257465362548829,
                        "y": -5.1222991943359379,
                        "z": 0.0
                    }
                }
            ],
            "m_position": {
                "x": -4.6528167724609379,
                "y": 21.53125,
                "z": 4.690579891204834
            },
            "m_localPosition": {
                "x": -20.05281639099121,
                "y": 11.241250038146973,
                "z": 4.690579891204834
            },
            "m_rotation": {
                "x": 0.0,
                "y": 0.0,
                "z": 0.0,
                "w": 1.0
            },
            "m_localRotation": {
                "x": 0.0,
                "y": 0.0,
                "z": 0.0,
                "w": 1.0
            },
            "m_isAutoSmooth": false
        },
        {
            "activeHandleId": 1,
            "m_handles": [
                {
                    "m_position": {
                        "x": 10.692054748535157,
                        "y": 21.326251983642579,
                        "z": 4.406391143798828
                    },
                    "m_localPosition": {
                        "x": 4.111677646636963,
                        "y": -3.3117218017578127,
                        "z": 4.748098373413086
                    }
                },
                {
                    "m_position": {
                        "x": 2.4686989784240724,
                        "y": 27.949695587158204,
                        "z": -5.089805603027344
                    },
                    "m_localPosition": {
                        "x": -4.111677646636963,
                        "y": 3.3117218017578127,
                        "z": -4.748098373413086
                    }
                }
            ],
            "m_position": {
                "x": 6.580376625061035,
                "y": 24.63797378540039,
                "z": -0.3417072296142578
            },
            "m_localPosition": {
                "x": -8.819622993469239,
                "y": 14.347972869873047,
                "z": -0.3417072296142578
            },
            "m_rotation": {
                "x": 0.0,
                "y": 0.0,
                "z": 0.0,
                "w": 1.0
            },
            "m_localRotation": {
                "x": 0.0,
                "y": 0.0,
                "z": 0.0,
                "w": 1.0
            },
            "m_isAutoSmooth": false
        }
    ]
}