{
    "List": [
        {
            "activeHandleId": 1,
            "m_handles": [
                {
                    "m_position": {
                        "x": 7.193767547607422,
                        "y": 12.56641960144043,
                        "z": 3.1094164848327638
                    },
                    "m_localPosition": {
                        "x": -2.363239288330078,
                        "y": -0.8997364044189453,
                        "z": 0.0
                    }
                },
                {
                    "m_position": {
                        "x": 11.920246124267579,
                        "y": 14.36589241027832,
                        "z": 3.1094164848327638
                    },
                    "m_localPosition": {
                        "x": 2.363239288330078,
                        "y": 0.8997364044189453,
                        "z": 0.0
                    }
                }
            ],
            "m_position": {
                "x": 9.5570068359375,
                "y": 13.466156005859375,
                "z": 3.1094164848327638
            },
            "m_localPosition": {
                "x": -5.842992782592773,
                "y": 3.1761560440063478,
                "z": 3.1094164848327638
            },
            "m_rotation": {
                "x": 0.0,
                "y": 0.0,
                "z": 0.0,
                "w": 1.0
            },
            "m_localRotation": {
                "x": 0.0,
                "y": 0.0,
                "z": 0.0,
                "w": 1.0
            },
            "m_isAutoSmooth": false
        },
        {
            "activeHandleId": 1,
            "m_handles": [
                {
                    "m_position": {
                        "x": -5.742420196533203,
                        "y": 12.696063995361329,
                        "z": 1.7346501350402833
                    },
                    "m_localPosition": {
                        "x": -7.199337005615234,
                        "y": 0.0,
                        "z": 0.0
                    }
                },
                {
                    "m_position": {
                        "x": 3.560581684112549,
                        "y": 12.696063995361329,
                        "z": 1.7346501350402833
                    },
                    "m_localPosition": {
                        "x": 2.1036648750305177,
                        "y": 0.0,
                        "z": 0.0
                    }
                }
            ],
            "m_position": {
                "x": 1.4569168090820313,
                "y": 12.696063995361329,
                "z": 1.7346501350402833
            },
            "m_localPosition": {
                "x": -13.943082809448243,
                "y": 2.406064510345459,
                "z": 1.7346501350402833
            },
            "m_rotation": {
                "x": 0.0,
                "y": 0.0,
                "z": 0.0,
                "w": 1.0
            },
            "m_localRotation": {
                "x": 0.0,
                "y": 0.0,
                "z": 0.0,
                "w": 1.0
            },
            "m_isAutoSmooth": false
        },
        {
            "activeHandleId": 1,
            "m_handles": [
                {
                    "m_position": {
                        "x": -2.8270702362060549,
                        "y": 26.653549194335939,
                        "z": 4.690579891204834
                    },
                    "m_localPosition": {
                        "x": 1.8257465362548829,
                        "y": 5.1222991943359379,
                        "z": 0.0
                    }
                },
                {
                    "m_position": {
                        "x": -6.47856330871582,
                        "y": 16.408950805664064,
                        "z": 4.690579891204834
                    },
                    "m_localPosition": {
                        "x": -1.8257465362548829,
                        "y": -5.1222991943359379,
                        "z": 0.0
                    }
                }
            ],
            "m_position": {
                "x": -4.6528167724609379,
                "y": 21.53125,
                "z": 4.690579891204834
            },
            "m_localPosition": {
                "x": -20.05281639099121,
                "y": 11.241250038146973,
                "z": 4.690579891204834
            },
            "m_rotation": {
                "x": 0.0,
                "y": 0.0,
                "z": 0.0,
                "w": 1.0
            },
            "m_localRotation": {
                "x": 0.0,
                "y": 0.0,
                "z": 0.0,
                "w": 1.0
            },
            "m_isAutoSmooth": false
        },
        {
            "activeHandleId": 1,
            "m_handles": [
                {
                    "m_position": {
                        "x": 10.692054748535157,
                        "y": 26.012210845947267,
                        "z": 4.406391143798828
                    },
                    "m_localPosition": {
                        "x": 4.111677646636963,
                        "y": -3.3117218017578127,
                        "z": 4.748098373413086
                    }
                },
                {
                    "m_position": {
                        "x": 2.4686989784240724,
                        "y": 32.63565444946289,
                        "z": -5.089805603027344
                    },
                    "m_localPosition": {
                        "x": -4.111677646636963,
                        "y": 3.3117218017578127,
                        "z": -4.748098373413086
                    }
                }
            ],
            "m_position": {
                "x": 6.580376625061035,
                "y": 29.323932647705079,
                "z": -0.3417072296142578
            },
            "m_localPosition": {
                "x": -8.819622993469239,
                "y": 19.033931732177736,
                "z": -0.3417072296142578
            },
            "m_rotation": {
                "x": 0.0,
                "y": 0.0,
                "z": 0.0,
                "w": 1.0
            },
            "m_localRotation": {
                "x": 0.0,
                "y": 0.0,
                "z": 0.0,
                "w": 1.0
            },
            "m_isAutoSmooth": false
        },
        {
            "activeHandleId": 1,
            "m_handles": [
                {
                    "m_position": {
                        "x": 12.067354202270508,
                        "y": 16.864742279052736,
                        "z": -3.337872266769409
                    },
                    "m_localPosition": {
                        "x": 7.096033272091518e-8,
                        "y": -4.818713665008545,
                        "z": 1.000000238418579
                    }
                },
                {
                    "m_position": {
                        "x": 10.311910629272461,
                        "y": 26.502147674560548,
                        "z": -2.3793113231658937
                    },
                    "m_localPosition": {
                        "x": -7.096033272091518e-8,
                        "y": 4.818713665008545,
                        "z": -1.000000238418579
                    }
                }
            ],
            "m_position": {
                "x": 11.189632415771485,
                "y": 21.68344497680664,
                "z": -2.8585917949676515
            },
            "m_localPosition": {
                "x": -4.210367202758789,
                "y": 11.393445014953614,
                "z": -2.8585917949676515
            },
            "m_rotation": {
                "x": -0.000002774828317342326,
                "y": 0.8600160479545593,